title,normal_price,discount_price,product_url,image_url,status,error_message
"Detergente Sanitário Bloco Para Caixa Acoplada Marine Pato 40g","2499","","https://www.ifood.com.br/delivery/brasilia-df/pao-de-acucar---aguas-claras-sul-aguas-claras/5938ca36-c5ee-455b-b0ce-8211f1921be5?item=28bcc62b-fd4a-453d-8ad8-d1a77d83d849","","success",""
"Desinfetante Sanitário em Gel Harpic Marine 750ml","1759","","https://www.ifood.com.br/delivery/sao-paulo-sp/carrefour-hiper---giovani-gronchi-vila-andrade/26dc0387-2264-4566-9f53-0d8b3bdbd994?item=1a11e5fc-4875-41db-9bdf-c51d0d01a0b7","","success",""
"Pastilha Adesiva Citrus Harpic 3un","1272","","https://www.ifood.com.br/delivery/sao-paulo-sp/carrefour-hiper---giovani-gronchi-vila-andrade/26dc0387-2264-4566-9f53-0d8b3bdbd994?item=37c0dcca-764a-4384-aba9-64a163861c19","","success",""
"Kit Desodorizador Sanitário Caixa Acoplada Marine Pato 40g 2un","2874","","https://www.ifood.com.br/delivery/sao-paulo-sp/carrefour-hiper---giovani-gronchi-vila-andrade/26dc0387-2264-4566-9f53-0d8b3bdbd994?item=3b6a29bf-f5e6-43fc-8ebf-755057bdc4fc","","success",""
"Jontex Neutro Lubrificante Íntimo Jontex Neutro - Sem Sabor - 50g","3099","","https://www.ifood.com.br/delivery/fortaleza-ce/farmacias-pague-menos---52-aldeota/8387b06c-6ac0-42b9-860c-8debae36d8fd?item=7eee89f4-d288-4359-bdec-af153310d8a8","","success",""
"Preservativo Sem Látex - Olla Prazer da Pele","1899","","https://www.ifood.com.br/delivery/fortaleza-ce/farmacias-pague-menos---52-aldeota/8387b06c-6ac0-42b9-860c-8debae36d8fd?item=76cd1a75-125d-4d40-9951-c4c640b2dc21","","success",""
"Creme Depilatório Corporal Argan Oil Depiroll Embalagem 100g","3999","","https://www.ifood.com.br/delivery/sao-paulo-sp/drogaria-sao-paulo---clodomiro-amazonas-vila-nova-conceicao/b8a2484a-8e45-4b9f-b32b-a7963d2d6e71?item=5e177c68-dd73-4fcd-9b39-a3c1df38b9da","","success",""
"Limpador Limpeza Pesada Bicarbonato Com Álcool Limão Veja Power Fusion Frasco 950ml","2406","","https://www.ifood.com.br/delivery/sao-paulo-sp/carrefour-hiper---pamplona-jardim-paulista/0568e774-7ba8-493c-a842-ac4d72546220?item=fb7526a0-3328-4bde-83a3-0a1900d53448","","success",""
"Desinfetante Multisuperficies Power Action Pinho Squeeze Veja 500ml","1118","","https://www.ifood.com.br/delivery/sao-paulo-sp/carrefour-hiper---pamplona-jardim-paulista/0568e774-7ba8-493c-a842-ac4d72546220?item=bc7b2e3d-1b18-4132-a3cd-23e6719f50fd","","success",""
"Desodorizador Sanitário Pastilha Adesiva Lavanda Pato 3un","982","","https://www.ifood.com.br/delivery/porto-alegre-rs/carrefour-hiper---porto-alegre-partenon/51b9e02a-74a8-4afc-8450-8094ae3318fa?item=b53b6714-e0f9-4d03-99cd-827038cba6d3","","success",""
"Desinfetante Multiuso Power Fusion Coco Veja 500ml","1499","","https://www.ifood.com.br/delivery/sao-jose-dos-campos-sp/pao-de-acucar---colinas-jardim-das-colinas/ade17d26-7f09-4a6f-966b-c6f29df14d9a?item=9b2f1845-a4cb-4814-9019-f1d31ff43dca","","success",""
"Naldecon Noite com 24 Comprimidos","6746","","https://www.ifood.com.br/delivery/sao-paulo-sp/drogaria-sao-paulo---clodomiro-amazonas-vila-nova-conceicao/b8a2484a-8e45-4b9f-b32b-a7963d2d6e71?item=70a2815e-0a30-4727-933c-cef50a846b83","","success",""
"Desinfetante Sanitário Harpic Cloro Ativo 750ml","1129","","https://www.ifood.com.br/delivery/porto-alegre-rs/carrefour-hiper---porto-alegre-partenon/51b9e02a-74a8-4afc-8450-8094ae3318fa?item=ce99751e-71c6-4199-bfcf-2c2c271af07a","","success",""
"Dorflex uno dipirona monoidratada 1g com 20 comprimidos","3031","","https://www.ifood.com.br/delivery/sao-paulo-sp/droga-raia---vila-olimpia---b---403-vl-olimpia/58203d97-5c99-4d2c-b2ff-c2adac85c72a?item=d52f4835-c0c8-44dc-b234-2b4fd4afe41d","","success",""
"Limpador Spray Anti Bac Veja Banheiro Oxi 500ml","4790","","https://www.ifood.com.br/delivery/sao-paulo-sp/carrefour-hiper---pamplona-jardim-paulista/0568e774-7ba8-493c-a842-ac4d72546220?item=2212ad64-dc03-4a4e-8a06-fbe7e1d2bc6d","","success",""
"Preservativo Extra Fino 3 Unidades - Olla Sensitive","1759","","https://www.ifood.com.br/delivery/sao-paulo-sp/drogaria-sao-paulo---clodomiro-amazonas-vila-nova-conceicao/b8a2484a-8e45-4b9f-b32b-a7963d2d6e71?item=b0eea514-620c-4c1f-aa84-a883a2645e0e","","success",""
"Naldecon Noite com 4 Comprimidos","1549","","https://www.ifood.com.br/delivery/fortaleza-ce/farmacias-pague-menos---52-aldeota/8387b06c-6ac0-42b9-860c-8debae36d8fd?item=c070ba40-f1f8-43f0-b08a-470c312ce5be","","success",""
"Preservativo Lubrificado 3 Preservativos - Olla Play","799","","https://www.ifood.com.br/delivery/fortaleza-ce/farmacias-pague-menos---52-aldeota/8387b06c-6ac0-42b9-860c-8debae36d8fd?item=62dc67e0-31fb-4f88-8274-8f6e42d19f23","","success",""
"Limpador Veja Multiuso Campestre 500ml Oferta","471","","https://www.ifood.com.br/delivery/sao-paulo-sp/carrefour-hiper---giovani-gronchi-vila-andrade/26dc0387-2264-4566-9f53-0d8b3bdbd994?item=fb40cf23-c608-4e3e-ad81-a647316c2fa5","","success",""
"Limpador Perfumado Veja Gotas de Perfume Lavanda 100ml","1231","","https://www.ifood.com.br/delivery/sao-paulo-sp/carrefour-hiper---pamplona-jardim-paulista/0568e774-7ba8-493c-a842-ac4d72546220?item=90669803-6ced-4393-9d50-51bc930a9c03","","success",""
"Fórmula Infantil Ninho Fases 1+ Nestlé 1 a 3 Anos 800g","4762","","https://www.ifood.com.br/delivery/porto-alegre-rs/carrefour-hiper---porto-alegre-partenon/51b9e02a-74a8-4afc-8450-8094ae3318fa?item=be8495db-a1e9-490d-aa5d-8fe75d7ae1b3","","success",""
"Preservativo Lubrificado 3 Preservativos - Olla Play","822","","https://www.ifood.com.br/delivery/sao-paulo-sp/droga-raia---vila-olimpia---b---403-vl-olimpia/58203d97-5c99-4d2c-b2ff-c2adac85c72a?item=66dc8adf-536c-492f-99b8-ec41232f3b8c","","success",""
"Gel Lubrificante Íntimo -50g Jontex Sensação Pele com Pele","3999","","https://www.ifood.com.br/delivery/fortaleza-ce/farmacias-pague-menos---52-aldeota/8387b06c-6ac0-42b9-860c-8debae36d8fd?item=2653b1ad-1499-461a-b066-d49eae4716bd","","success",""
"Limpa Vidro Veja Vidrex Tradicional 500ml","1762","","https://www.ifood.com.br/delivery/sao-paulo-sp/carrefour-hiper---pamplona-jardim-paulista/0568e774-7ba8-493c-a842-ac4d72546220?item=f22e5cfd-ba5e-4ea2-880d-942412fe65c9","","success",""
"Limpador Veja Multiuso Lavanda e Álcool 500ml Oferta","579","","https://www.ifood.com.br/delivery/brasilia-df/pao-de-acucar---aguas-claras-sul-aguas-claras/5938ca36-c5ee-455b-b0ce-8211f1921be5?item=744eb716-7a17-456b-9eef-793524807369","","success",""
"Super Desengordurante Power Gel Limão Veja 500g","2033","","https://www.ifood.com.br/delivery/brasilia-df/carrefour-hiper---asa-norte-asa-norte/1dcd9511-ab36-416b-b32f-65ca7b793be0?item=c03a6ea5-c384-4f01-b24c-f127be0f1acb","","success",""
"Analgésico luftafem 12 comprimidos - ibuprofeno e paracetamol","3099","","https://www.ifood.com.br/delivery/sao-paulo-sp/drogaria-sao-paulo---clodomiro-amazonas-vila-nova-conceicao/b8a2484a-8e45-4b9f-b32b-a7963d2d6e71?item=bc352e8b-a3c1-4155-bb4e-67fbc0c8ecd4","","success",""
"Limpador de Banheiro Spray Antibac Lavanda Veja 500ml","3061","","https://www.ifood.com.br/delivery/brasilia-df/carrefour-hiper---asa-norte-asa-norte/1dcd9511-ab36-416b-b32f-65ca7b793be0?item=c99be979-e823-4f26-a7e7-fe693b90e69a","","success",""
"Limpador Anti Bac Veja Banheiro Oxi 500ml","2406","","https://www.ifood.com.br/delivery/porto-alegre-rs/carrefour-hiper---porto-alegre-partenon/51b9e02a-74a8-4afc-8450-8094ae3318fa?item=720a22b0-90d7-4a38-b78d-a6475f217c11","","success",""
"Luftal Gel Caps Simeticona Antigases 125mg 10un","3244","","https://www.ifood.com.br/delivery/fortaleza-ce/farmacias-pague-menos---52-aldeota/8387b06c-6ac0-42b9-860c-8debae36d8fd?item=1a853753-07fd-4a37-b89b-d7a59f61aa1d","","success",""
"Folhas de Cera Depilatória para Axilas e Virilha Veet Pure & Fresh Pele Delicada 16 Unidades","6399","","https://www.ifood.com.br/delivery/fortaleza-ce/farmacias-pague-menos---52-aldeota/8387b06c-6ac0-42b9-860c-8debae36d8fd?item=c3ac5066-5a56-475c-bd50-4abd6c6f9a56","","success",""
"Luftal Gotas 15ml","3551","","https://www.ifood.com.br/delivery/sao-paulo-sp/drogaria-sao-paulo---clodomiro-amazonas-vila-nova-conceicao/b8a2484a-8e45-4b9f-b32b-a7963d2d6e71?item=a45a8a39-daf5-4dbc-9c9d-aa9b1db2c06e","","success",""
"Fórmula Infantil Nestogeno 6 A 12 Meses 800g","5999","","https://www.ifood.com.br/delivery/fortaleza-ce/farmacias-pague-menos---52-aldeota/8387b06c-6ac0-42b9-860c-8debae36d8fd?item=bc0fb20a-5dd6-4728-8a84-d3241337db72","","success",""
"Limpador para Limpeza Pesada Cloro Ativo Veja 1l","2699","","https://www.ifood.com.br/delivery/brasilia-df/pao-de-acucar---aguas-claras-sul-aguas-claras/5938ca36-c5ee-455b-b0ce-8211f1921be5?item=ff29cf6c-7516-4859-a952-0dba7a089e8b","","success",""
"Presevativo Prudence Efeito Retardante Leve 8 Pague 6","2693","","https://www.ifood.com.br/delivery/sao-paulo-sp/droga-raia---vila-olimpia---b---403-vl-olimpia/58203d97-5c99-4d2c-b2ff-c2adac85c72a?item=9a47402e-0bc9-455e-badc-46877969352e","","success",""
"Desinfetante Para Uso Geral Cloro Gel Marine Poderosa Espumação Pato 500ml","2089","","https://www.ifood.com.br/delivery/sao-paulo-sp/carrefour-hiper---pamplona-jardim-paulista/0568e774-7ba8-493c-a842-ac4d72546220?item=5b12feae-cb4d-4d41-8228-52bc7155d6dd","","success",""
"Formula Infantil Nan Sensitive 800g","14859","","https://www.ifood.com.br/delivery/sao-paulo-sp/drogaria-sao-paulo---clodomiro-amazonas-vila-nova-conceicao/b8a2484a-8e45-4b9f-b32b-a7963d2d6e71?item=952ba11b-7b2a-4e3b-b049-61d8fe4f470b","","success",""
"Tira Manchas Em Pó Oxi Action Para Roupas Coloridas Refil Econômico Vanish 400g","2299","","https://www.ifood.com.br/delivery/campinas-sp/pao-de-acucar---campinas-souza-souzas/356eaf9b-8433-413a-a546-48d319ea69f8?item=83cd62e5-d12a-4738-9c71-403fbab99377","","success",""
"Limpador Perfumado Veja Gotas de Perfume Alecrim 100ml","1549","","https://www.ifood.com.br/delivery/campinas-sp/pao-de-acucar---campinas-souza-souzas/356eaf9b-8433-413a-a546-48d319ea69f8?item=8df33fef-ae65-4311-a05e-b04225aedd39","","success",""
"Tira Manchas Em Pó Crystal White Oxi Action Para Roupas Brancas Refil Econômico Vanish 1kg","5990","","https://www.ifood.com.br/delivery/brasilia-df/pao-de-acucar---aguas-claras-sul-aguas-claras/5938ca36-c5ee-455b-b0ce-8211f1921be5?item=244c400b-7da1-4f8a-bb8a-248fe5f8df16","","success",""
"Naldecon Multi Blister 4 Comprimidos","1179","","https://www.ifood.com.br/delivery/fortaleza-ce/farmacias-pague-menos---52-aldeota/8387b06c-6ac0-42b9-860c-8debae36d8fd?item=5f1b1626-54f6-4f31-a4d6-d1eb1eba490d","","success",""
"Limpador Perfumado Lavanda Veja 30% 500ml","649","","https://www.ifood.com.br/delivery/campinas-sp/pao-de-acucar---campinas-souza-souzas/356eaf9b-8433-413a-a546-48d319ea69f8?item=6df36fb9-3ff4-43dd-bc78-a2f09538310b","","success",""
"Creme Depilatório Veet Pure & Fresh Peles Delicadas 100ml","6299","","https://www.ifood.com.br/delivery/fortaleza-ce/farmacias-pague-menos---52-aldeota/8387b06c-6ac0-42b9-860c-8debae36d8fd?item=6bb105f4-ef67-44f7-b812-0105a7c04106","","success",""
"Desinfetante Multisuperficies Power Action Pinho Veja 1l","1499","","https://www.ifood.com.br/delivery/campinas-sp/pao-de-acucar---campinas-souza-souzas/356eaf9b-8433-413a-a546-48d319ea69f8?item=7dbeb0d1-572f-429c-aeb8-b2e5e2ae033e","","success",""
"Tira Manchas em Pó Vanish Multi Power Oxi Action Refil Econômico Para Roupas Coloridas 1kg","5990","","https://www.ifood.com.br/delivery/brasilia-df/pao-de-acucar---aguas-claras-sul-aguas-claras/5938ca36-c5ee-455b-b0ce-8211f1921be5?item=415f9047-ea9e-46e3-804b-aa1e9c3aad8e","","success",""
"Fórmula Infantil Aptamil Premium 1 800g 06 Meses","7424","","https://www.ifood.com.br/delivery/brasilia-df/carrefour-hiper---asa-norte-asa-norte/1dcd9511-ab36-416b-b32f-65ca7b793be0?item=d792d01c-c991-4d08-a4d5-3bcdccd6827b","","success",""
"Detergente Lava Louças em Pó Finish 450g","3399","","https://www.ifood.com.br/delivery/sao-jose-dos-campos-sp/pao-de-acucar---colinas-jardim-das-colinas/ade17d26-7f09-4a6f-966b-c6f29df14d9a?item=f88ca16a-d1cf-4810-924b-4753e53d54cd","","success",""
"Secante Abrilhantador Para Máquina de Lavar Louças Cif 100ml","2067","","https://www.ifood.com.br/delivery/porto-alegre-rs/carrefour-hiper---porto-alegre-partenon/51b9e02a-74a8-4afc-8450-8094ae3318fa?item=d8cd1c34-87f3-48ec-9280-4c5c46e1fe2d","","success",""
"Preservativo blowtex skyn original com 06 unidades","3559","","https://www.ifood.com.br/delivery/sao-paulo-sp/drogaria-sao-paulo---clodomiro-amazonas-vila-nova-conceicao/b8a2484a-8e45-4b9f-b32b-a7963d2d6e71?item=cfc895e0-957b-49ea-b093-d8b9a92c3017","","success",""
"Limpador Limpeza Pesada com Cloro e Detergente Eucalipto Veja Power Fusion Frasco 1l","1807","","https://www.ifood.com.br/delivery/brasilia-df/carrefour-hiper---asa-norte-asa-norte/1dcd9511-ab36-416b-b32f-65ca7b793be0?item=34dca16d-45e1-437f-bd74-0fdb0d971d52","","success",""
"Limpador Para Limpeza Pesada Campestre Veja 1l","1887","","https://www.ifood.com.br/delivery/sao-paulo-sp/carrefour-hiper---giovani-gronchi-vila-andrade/26dc0387-2264-4566-9f53-0d8b3bdbd994?item=329003ba-7ee9-43d5-8486-10fe633c47fc","","success",""
"Preservativo blowtex skyn elite com 6 unidades","4299","","https://www.ifood.com.br/delivery/fortaleza-ce/farmacias-pague-menos---52-aldeota/8387b06c-6ac0-42b9-860c-8debae36d8fd?item=caeef8d4-7d68-4f92-a2bf-2461e9e7150b","","success",""
"Limpador Desengordurante Cozinha Lavanda Veja Sachê 400ml","1423","","https://www.ifood.com.br/delivery/brasilia-df/carrefour-hiper---asa-norte-asa-norte/1dcd9511-ab36-416b-b32f-65ca7b793be0?item=f342a82d-0d1c-4e6d-9c73-83c66f5f46d8","","success",""
"Desodorizador Sanitário Harpic Click Gel Brisa Do Mar 3un","1949","","https://www.ifood.com.br/delivery/sao-jose-dos-campos-sp/pao-de-acucar---colinas-jardim-das-colinas/ade17d26-7f09-4a6f-966b-c6f29df14d9a?item=0e53aa0c-11b1-4b42-a10e-6d2a2313479a","","success",""
"Limpador Multiuso Power Fusion Laranja Veja 500ml","1049","","https://www.ifood.com.br/delivery/brasilia-df/pao-de-acucar---aguas-claras-sul-aguas-claras/5938ca36-c5ee-455b-b0ce-8211f1921be5?item=e4ecd754-45be-493d-a43a-aa2c5d43516c","","success",""
"Limpador Para Banheiro X14 Tira Limo Refil Veja 500ml","3197","","https://www.ifood.com.br/delivery/porto-alegre-rs/carrefour-hiper---porto-alegre-partenon/51b9e02a-74a8-4afc-8450-8094ae3318fa?item=b7a3ab3c-3d34-46d0-8837-9d43b585a694","","success",""
"Limpador Banheiro Antibac Veja Sachet 400ml","1603","","https://www.ifood.com.br/delivery/porto-alegre-rs/carrefour-hiper---porto-alegre-partenon/51b9e02a-74a8-4afc-8450-8094ae3318fa?item=4ef350af-1d5d-461b-bf1b-54b4eafd846a","","success",""
"Limpador Multiuso Power Fusion Laranja Veja 500ml","778","","https://www.ifood.com.br/delivery/sao-paulo-sp/carrefour-hiper---giovani-gronchi-vila-andrade/26dc0387-2264-4566-9f53-0d8b3bdbd994?item=972efbb7-32b9-4e9d-bdd9-20f779a1eaea","","success",""
"Kit Desodorizador Sanitário Caixa Acoplada Marine Pato 40g 2un","3199","","https://www.ifood.com.br/delivery/sao-jose-dos-campos-sp/pao-de-acucar---colinas-jardim-das-colinas/ade17d26-7f09-4a6f-966b-c6f29df14d9a?item=d0e0f157-b2f2-4bca-b32d-0383bbc9ab09","","success",""
"Limpa Vidros Spray Vidrex Cristal Veja 500ml","3355","","https://www.ifood.com.br/delivery/brasilia-df/carrefour-hiper---asa-norte-asa-norte/1dcd9511-ab36-416b-b32f-65ca7b793be0?item=50963714-76c7-4a13-be1c-99f7439a9810","","success",""
"Limpador Para Limpeza Pesada Original Veja 1l","1887","","https://www.ifood.com.br/delivery/sao-paulo-sp/carrefour-hiper---giovani-gronchi-vila-andrade/26dc0387-2264-4566-9f53-0d8b3bdbd994?item=6e48a7c0-0da2-4390-91b4-fe7a71216012","","success",""
"Pedra Sanitária Harpic Lavanda Super Economia 25g","479","","https://www.ifood.com.br/delivery/brasilia-df/pao-de-acucar---aguas-claras-sul-aguas-claras/5938ca36-c5ee-455b-b0ce-8211f1921be5?item=8b8c5ecb-5363-4c81-a02c-83c3eb48740b","","success",""
"Preservativo Lubrificado Mais Largo - 6 Unidades Jontex Xl","2459","","https://www.ifood.com.br/delivery/sao-paulo-sp/drogaria-sao-paulo---clodomiro-amazonas-vila-nova-conceicao/b8a2484a-8e45-4b9f-b32b-a7963d2d6e71?item=605c1372-00ff-4d67-9d23-af87f88ce1c5","","success",""
"Cera Fria Veet Pure & Fresh Peles Delicadas 16un","2881","","https://www.ifood.com.br/delivery/sao-paulo-sp/droga-raia---vila-olimpia---b---403-vl-olimpia/58203d97-5c99-4d2c-b2ff-c2adac85c72a?item=fdbcd220-ad5c-400a-aecc-02ce9ef984dd","","success",""
"Limpa Vidro Veja Vidrex Tradicional 500ml","1449","","https://www.ifood.com.br/delivery/brasilia-df/pao-de-acucar---aguas-claras-sul-aguas-claras/5938ca36-c5ee-455b-b0ce-8211f1921be5?item=a87b06ea-fe97-4ea6-8c39-aaf52c949ace","","success",""
"Suplemento Alimentar Nutren Kids Baunilha 350g","3379","","https://www.ifood.com.br/delivery/porto-alegre-rs/carrefour-hiper---porto-alegre-partenon/51b9e02a-74a8-4afc-8450-8094ae3318fa?item=033983a8-3882-48f5-ae5f-7cf0c0e223d4","","success",""
"Detergente Para Lava Louças em Tabletes Finish Com 30un","7683","","https://www.ifood.com.br/delivery/sao-paulo-sp/carrefour-hiper---pamplona-jardim-paulista/0568e774-7ba8-493c-a842-ac4d72546220?item=c10261ec-865a-4d18-9a17-1fe3dd04e3bc","","success",""
"Tira Manchas Em Pó Oxi Action Para Roupas Coloridas Refil Econômico Vanish 400g","2818","","https://www.ifood.com.br/delivery/brasilia-df/carrefour-hiper---asa-norte-asa-norte/1dcd9511-ab36-416b-b32f-65ca7b793be0?item=7daab7ab-8dbf-462a-9880-168ed7c8b5fe","","success",""
"Tira Manchas em Pó Vanish Multi Power Oxi Action 900g para Roupas Coloridas com 25% de Desconto","7990","","https://www.ifood.com.br/delivery/brasilia-df/pao-de-acucar---aguas-claras-sul-aguas-claras/5938ca36-c5ee-455b-b0ce-8211f1921be5?item=b2c7c933-7c9c-4408-b104-ed7e2077ad8f","","success",""
"Preservativo Anatômico Sem Uso de Látex Jontex Pele com Pele","3699","","https://www.ifood.com.br/delivery/fortaleza-ce/farmacias-pague-menos---52-aldeota/8387b06c-6ac0-42b9-860c-8debae36d8fd?item=bc35ab03-01b1-4050-b515-e19e20c85095","","success",""
"Limpador Veja com Álcool Limpeza Pesada Original 500ml","1749","","https://www.ifood.com.br/delivery/brasilia-df/pao-de-acucar---aguas-claras-sul-aguas-claras/5938ca36-c5ee-455b-b0ce-8211f1921be5?item=03b5a1a3-e8f8-4b49-8112-70f868e8db4b","","success",""
"Tira Manchas Super Barra Para Roupas Coloridas Vanish 75g","666","","https://www.ifood.com.br/delivery/sao-paulo-sp/carrefour-hiper---pamplona-jardim-paulista/0568e774-7ba8-493c-a842-ac4d72546220?item=031ac06f-e0e7-4cf0-9b8c-93101ef0ba5f","","success",""
"Detergente Para Lava Louças em Pó Finish 1kg","6990","","https://www.ifood.com.br/delivery/brasilia-df/pao-de-acucar---aguas-claras-sul-aguas-claras/5938ca36-c5ee-455b-b0ce-8211f1921be5?item=cf262d77-a067-4ea3-977d-2b5c098b0605","","success",""
"Tira Manchas Resolv Pré Lavagem Para Roupas Coloridas Vanish 450ml","2689","","https://www.ifood.com.br/delivery/sao-paulo-sp/carrefour-hiper---giovani-gronchi-vila-andrade/26dc0387-2264-4566-9f53-0d8b3bdbd994?item=8b9d34d1-6963-43ac-99ac-513e55ad806a","","success",""
"Fórmula Infantil Para Lactentes 6 A 12 Meses Nan Supreme Pro Lata 800g","11927","","https://www.ifood.com.br/delivery/sao-paulo-sp/droga-raia---vila-olimpia---b---403-vl-olimpia/58203d97-5c99-4d2c-b2ff-c2adac85c72a?item=cb537393-5aeb-4d48-9404-1f239a22b399","","success",""
"Luftal 40mg Reckitt Benckiser Caixa com 20 Comprimidos","5069","","https://www.ifood.com.br/delivery/fortaleza-ce/farmacias-pague-menos---52-aldeota/8387b06c-6ac0-42b9-860c-8debae36d8fd?item=c5378832-dcf1-4d77-9471-29ed7cc79fb4","","success",""
"Benegrip com 6 Comprimidos","1659","","https://www.ifood.com.br/delivery/sao-paulo-sp/droga-raia---vila-olimpia---b---403-vl-olimpia/58203d97-5c99-4d2c-b2ff-c2adac85c72a?item=d7fd0c84-f635-4589-a687-f6bdb556e12c","","success",""
"Tira Manchas em Barra Vanish Roupas Brancas 75g","666","","https://www.ifood.com.br/delivery/sao-paulo-sp/carrefour-hiper---pamplona-jardim-paulista/0568e774-7ba8-493c-a842-ac4d72546220?item=100b493e-ebe0-4d05-9cd6-c4123cd1e019","","success",""
"Luftagastropro Líquido Reckitt Benckiser 10ml","490","","https://www.ifood.com.br/delivery/sao-paulo-sp/droga-raia---vila-olimpia---b---403-vl-olimpia/58203d97-5c99-4d2c-b2ff-c2adac85c72a?item=ca3ff2a1-843a-4947-b639-93af125e70c2","","success",""
"Limpador Banheiro Sem Cloro Cif Gatilho 500ml","2089","","https://www.ifood.com.br/delivery/porto-alegre-rs/carrefour-hiper---porto-alegre-partenon/51b9e02a-74a8-4afc-8450-8094ae3318fa?item=b26fd217-1357-4cd1-829b-f5331d3e14d4","","success",""
"Limpador Veja Multiuso Lavanda e Álcool 500ml Oferta","676","","https://www.ifood.com.br/delivery/sao-paulo-sp/carrefour-hiper---giovani-gronchi-vila-andrade/26dc0387-2264-4566-9f53-0d8b3bdbd994?item=18e1e70b-dad2-436e-8867-fae2940db653","","success",""
"Tira Manchas Karpex Para Tapetes E Cortinas Vanish 500ml","3199","","https://www.ifood.com.br/delivery/brasilia-df/pao-de-acucar---aguas-claras-sul-aguas-claras/5938ca36-c5ee-455b-b0ce-8211f1921be5?item=7538eb37-aaae-486d-b667-df04e5893e10","","success",""
"Naldecon Pack Dia e Noite com 24 Comprimidos","6299","","https://www.ifood.com.br/delivery/fortaleza-ce/farmacias-pague-menos---52-aldeota/8387b06c-6ac0-42b9-860c-8debae36d8fd?item=3a7564ea-ebd3-46af-a5e1-2862ed625967","","success",""
"Kit 2 Preservativos Masculinos Lubrificados + 1 Lubrificante Íntimo Gel 50g Jontex Sensação Pele Com Pele","5247","","https://www.ifood.com.br/delivery/sao-paulo-sp/droga-raia---vila-olimpia---b---403-vl-olimpia/58203d97-5c99-4d2c-b2ff-c2adac85c72a?item=f5d04e3b-c143-499b-a4e2-a3ddf22347ff","","success",""
"Achocolatado em Pó Sustagen Chocolate Pacote 400g","9499","","https://www.ifood.com.br/delivery/sao-paulo-sp/drogaria-sao-paulo---clodomiro-amazonas-vila-nova-conceicao/b8a2484a-8e45-4b9f-b32b-a7963d2d6e71?item=04fff979-05d6-4494-b84d-c751fc7340a0","","success",""
"Fórmula Infantil Nestogeno 6 A 12 Meses 800g","6299","","https://www.ifood.com.br/delivery/campinas-sp/pao-de-acucar---campinas-souza-souzas/356eaf9b-8433-413a-a546-48d319ea69f8?item=7a43f7dc-2a1d-4d3b-b817-db0988b003cc","","success",""
"Limpador Limpeza Pesada com Cloro e Detergente Eucalipto Veja Power Fusion Frasco 500ml","1664","","https://www.ifood.com.br/delivery/brasilia-df/carrefour-hiper---asa-norte-asa-norte/1dcd9511-ab36-416b-b32f-65ca7b793be0?item=0e335a7a-3f78-4a64-ba8b-9c7efad5c548","","success",""
"Fórmula Infantil Aptamil Premium 2 800g 612 Meses","7559","","https://www.ifood.com.br/delivery/sao-paulo-sp/drogaria-sao-paulo---clodomiro-amazonas-vila-nova-conceicao/b8a2484a-8e45-4b9f-b32b-a7963d2d6e71?item=455b67dc-1025-4fca-9b5f-9306eebcaa99","","success",""
"Sustagen Adultos+ Chocolate 900g","17699","","https://www.ifood.com.br/delivery/fortaleza-ce/farmacias-pague-menos---52-aldeota/8387b06c-6ac0-42b9-860c-8debae36d8fd?item=90cb1807-4cf4-484f-b0ca-61d467f3e7a4","","success",""
"Desinfetante Sanitário Harpic Cloro Ativo 200ml","829","","https://www.ifood.com.br/delivery/campinas-sp/pao-de-acucar---campinas-souza-souzas/356eaf9b-8433-413a-a546-48d319ea69f8?item=641a4593-c4e1-4ce5-ab77-605297a1e869","","success",""
"Preservativo Prudence Lubrificado Leve 8 Pague 6","854","","https://www.ifood.com.br/delivery/sao-paulo-sp/carrefour-hiper---giovani-gronchi-vila-andrade/26dc0387-2264-4566-9f53-0d8b3bdbd994?item=4c23c30e-2d61-47e4-a68d-54b5c5201952","","success",""
"Tira Manchas Líquido Crystal White Para Roupas Brancas Refil Econômico Vanish 500ml","1431","","https://www.ifood.com.br/delivery/porto-alegre-rs/carrefour-hiper---porto-alegre-partenon/51b9e02a-74a8-4afc-8450-8094ae3318fa?item=48d948de-0791-4b36-9905-2661681d34b7","","success",""
"Limpador Multiuso Original Gold Veja 500ml","749","","https://www.ifood.com.br/delivery/sao-jose-dos-campos-sp/pao-de-acucar---colinas-jardim-das-colinas/ade17d26-7f09-4a6f-966b-c6f29df14d9a?item=5bc03091-889e-40e3-8134-1e059bf36c96","","success",""
"Desinfetante Sanitário Líquido Power Plus Harpic 200ml","799","","https://www.ifood.com.br/delivery/sao-jose-dos-campos-sp/pao-de-acucar---colinas-jardim-das-colinas/ade17d26-7f09-4a6f-966b-c6f29df14d9a?item=875db617-a7c6-419d-92c8-8ba7a7db0aa4","","success",""
"Preservativo Camisinha Olla Lubrificado Leve 8 Pague 6un","1859","","https://www.ifood.com.br/delivery/sao-paulo-sp/drogaria-sao-paulo---clodomiro-amazonas-vila-nova-conceicao/b8a2484a-8e45-4b9f-b32b-a7963d2d6e71?item=793a37b6-56ec-4ce5-a628-51e668bf0596","","success",""
"Complemento Alimentar Sustagen Adultos+ Sabor Morango Lata 400g","9499","","https://www.ifood.com.br/delivery/sao-paulo-sp/drogaria-sao-paulo---clodomiro-amazonas-vila-nova-conceicao/b8a2484a-8e45-4b9f-b32b-a7963d2d6e71?item=b10619ec-9f66-4442-b7e5-388a5001f09e","","success",""
"Detergente Para Lava Louças em Pó Finish 1kg","7236","","https://www.ifood.com.br/delivery/sao-paulo-sp/carrefour-hiper---giovani-gronchi-vila-andrade/26dc0387-2264-4566-9f53-0d8b3bdbd994?item=40023f3f-3362-4d2a-b2bf-0e3c63c9869f","","success",""
"Gel Lubrificante Íntimo a Base de Água - 50g K-Med","2081","","https://www.ifood.com.br/delivery/sao-paulo-sp/droga-raia---vila-olimpia---b---403-vl-olimpia/58203d97-5c99-4d2c-b2ff-c2adac85c72a?item=44bbe1ee-ad61-4a6c-89a0-cb9d9939d4ee","","success",""
"Limpador para Limpeza Pesada Cloro Ativo Veja 1l","1887","","https://www.ifood.com.br/delivery/sao-paulo-sp/carrefour-hiper---giovani-gronchi-vila-andrade/26dc0387-2264-4566-9f53-0d8b3bdbd994?item=754c59fe-d1e1-407c-8571-2ed7a9ea8d5b","","success",""
"Fórmula Infantil Ninho Fases 1+ Nestlé 1 a 3 Anos 800g","5554","","https://www.ifood.com.br/delivery/sao-paulo-sp/drogaria-sao-paulo---clodomiro-amazonas-vila-nova-conceicao/b8a2484a-8e45-4b9f-b32b-a7963d2d6e71?item=f0a0df37-6b1c-4791-890e-199312fef696","","success",""
"Fórmula Infantil Para Lactentes 6 A 12 Meses Nan Supreme Pro Lata 800g","13959","","https://www.ifood.com.br/delivery/sao-paulo-sp/drogaria-sao-paulo---clodomiro-amazonas-vila-nova-conceicao/b8a2484a-8e45-4b9f-b32b-a7963d2d6e71?item=c039e0a2-c291-4ba1-bd0d-828ac00d42d8","","success",""
"Limpador Veja Limpeza Pesada Original 500ml Oferta","1149","","https://www.ifood.com.br/delivery/campinas-sp/pao-de-acucar---campinas-souza-souzas/356eaf9b-8433-413a-a546-48d319ea69f8?item=877bf601-cfc0-442b-8722-9c093d3d54d2","","success",""
"Tira Manchas em Pó Vanish Roupas Brancas 400g","2896","","https://www.ifood.com.br/delivery/brasilia-df/carrefour-hiper---asa-norte-asa-norte/1dcd9511-ab36-416b-b32f-65ca7b793be0?item=6f11274e-ddbc-4df2-9010-431facfb9bac","","success",""
"Pedra Perfumada Frutal Harpic 20g","491","","https://www.ifood.com.br/delivery/sao-paulo-sp/carrefour-hiper---giovani-gronchi-vila-andrade/26dc0387-2264-4566-9f53-0d8b3bdbd994?item=d8dad66b-d52f-4e6a-854d-438fed4d55cc","","success",""
"Desodorizador Sanitário Bloco Para Caixa Acoplada Acqua Marine Harpic Leve 3 Pague 2 Unidades","3799","","https://www.ifood.com.br/delivery/brasilia-df/pao-de-acucar---aguas-claras-sul-aguas-claras/5938ca36-c5ee-455b-b0ce-8211f1921be5?item=9a8e3a2d-3f99-4b76-87e6-cc3db6254c14","","success",""
"Pastilha Adesiva Sanitária de Lavanda Embalagem Econômica Harpic com 5un","1757","","https://www.ifood.com.br/delivery/sao-paulo-sp/carrefour-hiper---giovani-gronchi-vila-andrade/26dc0387-2264-4566-9f53-0d8b3bdbd994?item=847e3a82-2922-4cb3-a13f-44d137bf1c24","","success",""
"Bloco Sanitário Fresh Power 6 Pinho Campestre Harpic 39g","3174","","https://www.ifood.com.br/delivery/brasilia-df/carrefour-hiper---asa-norte-asa-norte/1dcd9511-ab36-416b-b32f-65ca7b793be0?item=1949f4c1-f6a6-451b-9b4a-8a09aac4dea7","","success",""
"Preservativo Largo com 56 Mm - Olla Large - 6 Unidades","2459","","https://www.ifood.com.br/delivery/sao-paulo-sp/drogaria-sao-paulo---clodomiro-amazonas-vila-nova-conceicao/b8a2484a-8e45-4b9f-b32b-a7963d2d6e71?item=add24799-fbdd-4a0e-bf44-f04d6c7c0a58","","success",""
"Limpador Multiuso Power Fusion Limão Veja 500 Ml","1499","","https://www.ifood.com.br/delivery/sao-jose-dos-campos-sp/pao-de-acucar---colinas-jardim-das-colinas/ade17d26-7f09-4a6f-966b-c6f29df14d9a?item=9b45033f-925f-41d8-98cb-d0b2457d3623","","success",""
"Fórmula Infantil Ninho Fases 1+ Nestlé 1 a 3 Anos 800g","5990","","https://www.ifood.com.br/delivery/campinas-sp/pao-de-acucar---campinas-souza-souzas/356eaf9b-8433-413a-a546-48d319ea69f8?item=520fd90f-1707-422d-917e-803d204e4b83","","success",""
"Cera Fria Veet Pure & Fresh Pernas e Corpo 12un","4590","","https://www.ifood.com.br/delivery/sao-paulo-sp/droga-raia---vila-olimpia---b---403-vl-olimpia/58203d97-5c99-4d2c-b2ff-c2adac85c72a?item=45891fff-b769-459c-987f-1eac9c52fc8e","","success",""
"Limpador Perfumado Águas Maranhenses Veja 1l","999","","https://www.ifood.com.br/delivery/brasilia-df/pao-de-acucar---aguas-claras-sul-aguas-claras/5938ca36-c5ee-455b-b0ce-8211f1921be5?item=06a3d892-a059-466f-899e-25a4f7d59089","","success",""
"Limpador Desengordurante Limão Veja 500ml","1468","","https://www.ifood.com.br/delivery/brasilia-df/carrefour-hiper---asa-norte-asa-norte/1dcd9511-ab36-416b-b32f-65ca7b793be0?item=a91fb403-1b6a-40e8-9fac-51edf94920d1","","success",""
"Limpador Perfumado Concentrado Água Marinha Veja Gotas de Perfume Frasco 100ml","1549","","https://www.ifood.com.br/delivery/sao-jose-dos-campos-sp/pao-de-acucar---colinas-jardim-das-colinas/ade17d26-7f09-4a6f-966b-c6f29df14d9a?item=5aa04797-c26a-4469-b030-cf8f031c583b","","success",""
"Limpador Veja Desengordura Rápido Limão 500ml Oferta","1242","","https://www.ifood.com.br/delivery/sao-paulo-sp/carrefour-hiper---giovani-gronchi-vila-andrade/26dc0387-2264-4566-9f53-0d8b3bdbd994?item=5aca5e1a-b0cc-4dfb-8e78-5c4024b2bdd3","","success",""
"Fórmula Infantil Para Lactentes 0 A 6 Meses Nan Supreme Pro Lata 800g","12899","","https://www.ifood.com.br/delivery/brasilia-df/pao-de-acucar---aguas-claras-sul-aguas-claras/5938ca36-c5ee-455b-b0ce-8211f1921be5?item=9af65dc3-feb7-442d-90eb-775ff26fec8c","","success",""
"Suplemento Alimentar Kids Chocolate Nutren 350g","3379","","https://www.ifood.com.br/delivery/brasilia-df/carrefour-hiper---asa-norte-asa-norte/1dcd9511-ab36-416b-b32f-65ca7b793be0?item=b1d89b52-2f2f-440b-9eac-4c825f93bf90","","success",""
"Limpador Multiuso Clássico Ypê 500ml","371","","https://www.ifood.com.br/delivery/sao-paulo-sp/carrefour-hiper---giovani-gronchi-vila-andrade/26dc0387-2264-4566-9f53-0d8b3bdbd994?item=6f7f5ca2-44e1-408b-86b6-e4d2210614b8","","success",""
"Limpador Multiuso Perfumado Jojo Moderna E Poderosa Veja 500ml","1499","","https://www.ifood.com.br/delivery/sao-jose-dos-campos-sp/pao-de-acucar---colinas-jardim-das-colinas/ade17d26-7f09-4a6f-966b-c6f29df14d9a?item=b1c76ade-4442-4aad-a9b5-c3e7b88a4a73","","success",""
"Fórmula Infantil Ninho Fases 1+ Nestlé 1 a 3 Anos 800g","5299","","https://www.ifood.com.br/delivery/fortaleza-ce/farmacias-pague-menos---52-aldeota/8387b06c-6ac0-42b9-860c-8debae36d8fd?item=b607e8cf-abbc-4cc0-9795-3a46b7291935","","success",""
"Complemento Alimentar Sabor Chocolate Sustagen Kids 900g","8959","","https://www.ifood.com.br/delivery/sao-paulo-sp/drogaria-sao-paulo---clodomiro-amazonas-vila-nova-conceicao/b8a2484a-8e45-4b9f-b32b-a7963d2d6e71?item=cedb2b38-74c5-43b4-b1df-7ff7f75f3960","","success",""
"Bloco Sanitário Caixa Acoplada Harpic Marine 2un","3399","","https://www.ifood.com.br/delivery/brasilia-df/pao-de-acucar---aguas-claras-sul-aguas-claras/5938ca36-c5ee-455b-b0ce-8211f1921be5?item=981854d4-d263-4794-9c9c-f193c922dff9","","success",""
"Desinfetante Sanitário Líquido Power Plus Marine Harpic 500ml","1899","","https://www.ifood.com.br/delivery/brasilia-df/pao-de-acucar---aguas-claras-sul-aguas-claras/5938ca36-c5ee-455b-b0ce-8211f1921be5?item=eb82499e-11e6-4daf-999d-a45b0aca7f9f","","success",""
"Complemento Alimentar Sustagen Kids Sabor Baunilha - Sachê 700g","6999","","https://www.ifood.com.br/delivery/fortaleza-ce/farmacias-pague-menos---52-aldeota/8387b06c-6ac0-42b9-860c-8debae36d8fd?item=f56f27d6-9c9c-412c-9073-39d5bc06147d","","success",""
"Preservativo Ultra Fino Para uma Sensibilidade Maior Jontex","2259","","https://www.ifood.com.br/delivery/sao-paulo-sp/drogaria-sao-paulo---clodomiro-amazonas-vila-nova-conceicao/b8a2484a-8e45-4b9f-b32b-a7963d2d6e71?item=056c7fb6-0508-4447-a030-4d510c05cf7b","","success",""
"Limpador Veja Antibac Oxi Ativo 500ml Spray Oferta","2888","","https://www.ifood.com.br/delivery/sao-paulo-sp/carrefour-hiper---giovani-gronchi-vila-andrade/26dc0387-2264-4566-9f53-0d8b3bdbd994?item=ac1c1967-3ca8-472b-9291-f07a7718b7ce","","success",""
"Gel Lubrificante Íntimo a Base de Água - 50g K-Med","1999","","https://www.ifood.com.br/delivery/sao-paulo-sp/drogaria-sao-paulo---clodomiro-amazonas-vila-nova-conceicao/b8a2484a-8e45-4b9f-b32b-a7963d2d6e71?item=efebaef8-6f83-4507-8438-a2f07be1e0e4","","success",""
"Luftal Gotas Simeticona Antigases 75mg/Ml 30ml","6655","","https://www.ifood.com.br/delivery/sao-paulo-sp/drogaria-sao-paulo---clodomiro-amazonas-vila-nova-conceicao/b8a2484a-8e45-4b9f-b32b-a7963d2d6e71?item=8ce4d913-db8b-4c32-a50e-bb826dc4a0bf","","success",""
"Limpador Perfumado Veja Gotas de Perfume Cereja 100ml","1231","","https://www.ifood.com.br/delivery/brasilia-df/carrefour-hiper---asa-norte-asa-norte/1dcd9511-ab36-416b-b32f-65ca7b793be0?item=cd2657ea-09ca-49bd-a38b-9ea96a198bc8","","success",""
"Limpador Veja Limpeza Pesada Cloro Ativo 500ml Oferta","1149","","https://www.ifood.com.br/delivery/campinas-sp/pao-de-acucar---campinas-souza-souzas/356eaf9b-8433-413a-a546-48d319ea69f8?item=238ceb25-6561-4d98-b8c3-56c4cb30af8f","","success",""
"Tira Limo Veja X14 400ml Refil","1449","","https://www.ifood.com.br/delivery/sao-jose-dos-campos-sp/pao-de-acucar---colinas-jardim-das-colinas/ade17d26-7f09-4a6f-966b-c6f29df14d9a?item=34b14ec7-2602-41ba-9a8a-b96d130e0c9b","","success",""
"Desinfetante Multiuso Power Fusion Coco Veja 500ml","1163","","https://www.ifood.com.br/delivery/sao-paulo-sp/carrefour-hiper---pamplona-jardim-paulista/0568e774-7ba8-493c-a842-ac4d72546220?item=0dd4c274-69a0-4795-bab5-bf1981a6ad02","","success",""
"Tira Manchas Líquido Vanish Roupas Brancas 500ml","2327","","https://www.ifood.com.br/delivery/brasilia-df/carrefour-hiper---asa-norte-asa-norte/1dcd9511-ab36-416b-b32f-65ca7b793be0?item=9cf4c4f4-c13e-49d5-9072-b0dd2420d970","","success",""
"Desodorizador Sanitário Harpic Click Gel Flores de Verão 3un","1949","","https://www.ifood.com.br/delivery/sao-jose-dos-campos-sp/pao-de-acucar---colinas-jardim-das-colinas/ade17d26-7f09-4a6f-966b-c6f29df14d9a?item=6a1940b4-1ca8-4a47-b6ae-dfae75869142","","success",""
"Multiuso Cremoso Original Cif 250ml","1400","","https://www.ifood.com.br/delivery/sao-paulo-sp/carrefour-hiper---pamplona-jardim-paulista/0568e774-7ba8-493c-a842-ac4d72546220?item=b986f1f7-bc06-4662-818b-057887f968de","","success",""
"Limpador Multiuso Power Fusion Limão Veja 500 Ml","731","","https://www.ifood.com.br/delivery/brasilia-df/carrefour-hiper---asa-norte-asa-norte/1dcd9511-ab36-416b-b32f-65ca7b793be0?item=fdfe0207-4c39-4eba-a8c2-51f70c321ea9","","success",""
"Tira Manchas Líquido Multiuso Para Roupas Coloridas Vanish Embalagem Econômica 1,2l","3581","","https://www.ifood.com.br/delivery/sao-paulo-sp/carrefour-hiper---pamplona-jardim-paulista/0568e774-7ba8-493c-a842-ac4d72546220?item=258eb7b7-0530-4146-a86c-44c5bbdaee95","","success",""
"Limpador Mult.Veja L+P- Gold Original 750ml","829","","https://www.ifood.com.br/delivery/campinas-sp/pao-de-acucar---campinas-souza-souzas/356eaf9b-8433-413a-a546-48d319ea69f8?item=71050c42-3ebd-4b61-8db8-f2f35af3e5b2","","success",""
"Tira Manchas Gel Multiuso Para Roupas Brancas Crystal White Vanish 3l","6929","","https://www.ifood.com.br/delivery/sao-paulo-sp/carrefour-hiper---giovani-gronchi-vila-andrade/26dc0387-2264-4566-9f53-0d8b3bdbd994?item=792a4e50-10f6-481e-93d1-78577fd6c25a","","success",""
"Detergente Para Lava Louças Em Tablete Finish","4099","","https://www.ifood.com.br/delivery/campinas-sp/pao-de-acucar---campinas-souza-souzas/356eaf9b-8433-413a-a546-48d319ea69f8?item=0c0ae983-801f-4145-bcc8-e577de13643f","","success",""
"Gel Lubrificante Íntimo -100g Jontex Naturals Original H2O","6099","","https://www.ifood.com.br/delivery/fortaleza-ce/farmacias-pague-menos---52-aldeota/8387b06c-6ac0-42b9-860c-8debae36d8fd?item=021452ab-b16c-4c47-987f-46f3f5941c4e","","success",""
"Complemento Alimentar Nutren Beauty Vanilla 400g","8399","","https://www.ifood.com.br/delivery/fortaleza-ce/farmacias-pague-menos---52-aldeota/8387b06c-6ac0-42b9-860c-8debae36d8fd?item=75535f7e-c485-4069-a65f-5042893c6f40","","success",""
"Super Desengordurante Power Gel Limão Veja 500g","2399","","https://www.ifood.com.br/delivery/brasilia-df/pao-de-acucar---aguas-claras-sul-aguas-claras/5938ca36-c5ee-455b-b0ce-8211f1921be5?item=6ace81bd-5dac-41d3-a9ba-00335a729d45","","success",""
"Tira Manchas Líquido Vanish Roupas Brancas 500ml","1949","","https://www.ifood.com.br/delivery/brasilia-df/pao-de-acucar---aguas-claras-sul-aguas-claras/5938ca36-c5ee-455b-b0ce-8211f1921be5?item=35684a99-3620-4ad6-9bcc-cef23a4b1a2a","","success",""
"Advil Mulher Ibuprofeno 400mg, Analgésico Para Cólicas Menstruais, 10 Cápsulas","3253","","https://www.ifood.com.br/delivery/sao-paulo-sp/droga-raia---vila-olimpia---b---403-vl-olimpia/58203d97-5c99-4d2c-b2ff-c2adac85c72a?item=0b3b7f07-9e08-4546-8a51-26288d0985d6","","success",""
"Preservativo Prudence Ultra Sensível Leve 8 Pague 6","1122","","https://www.ifood.com.br/delivery/sao-paulo-sp/carrefour-hiper---giovani-gronchi-vila-andrade/26dc0387-2264-4566-9f53-0d8b3bdbd994?item=87c2ac26-bbc3-4fd8-80ae-0c94adf3f3d3","","success",""
"Tira Manchas em Pó Vanish Roupas Brancas 400g","2596","","https://www.ifood.com.br/delivery/sao-paulo-sp/carrefour-hiper---giovani-gronchi-vila-andrade/26dc0387-2264-4566-9f53-0d8b3bdbd994?item=36be3287-2435-4a6c-b95a-e9fa085f2d68","","success",""
"Detergente Para Lava Louças em Tabletes Finish Com 30un","5649","","https://www.ifood.com.br/delivery/porto-alegre-rs/carrefour-hiper---porto-alegre-partenon/51b9e02a-74a8-4afc-8450-8094ae3318fa?item=6b47d674-e6d6-404d-b635-c32ff989d382","","success",""
"Pomada Para Assadura Bebê Nistatina + Óxido de Zinco 60g Neo Química","2074","","https://www.ifood.com.br/delivery/fortaleza-ce/farmacias-pague-menos---52-aldeota/8387b06c-6ac0-42b9-860c-8debae36d8fd?item=ea1a9244-117b-4016-a8c1-30aa019a26b1","","success",""
"Limpador Multiuso Power Fusion Limão Veja 500 Ml","1199","","https://www.ifood.com.br/delivery/campinas-sp/pao-de-acucar---campinas-souza-souzas/356eaf9b-8433-413a-a546-48d319ea69f8?item=fffe880a-48c8-454f-86ea-671d87cee7b8","","success",""
"Tira Manchas Líquido Vanish Roupas Coloridas 500ml Refil","1841","","https://www.ifood.com.br/delivery/brasilia-df/carrefour-hiper---asa-norte-asa-norte/1dcd9511-ab36-416b-b32f-65ca7b793be0?item=90306bf5-901c-4134-af68-6b4de3d2326c","","success",""
"Simeticona 125mg com 10 Cápsulas Gelatinosas Genérico Medley","1229","","https://www.ifood.com.br/delivery/sao-paulo-sp/drogaria-sao-paulo---clodomiro-amazonas-vila-nova-conceicao/b8a2484a-8e45-4b9f-b32b-a7963d2d6e71?item=759367f3-cd43-4e30-8a1e-3349e4df4461","","success",""
"Pastilha Adesiva Sanitária Pinho Harpic 5un Embalagem Econômica","1660","","https://www.ifood.com.br/delivery/porto-alegre-rs/carrefour-hiper---porto-alegre-partenon/51b9e02a-74a8-4afc-8450-8094ae3318fa?item=31c217ed-2171-4ff2-846d-778bdbc6337d","","success",""
"Detergente Para Lava Louças em Pó Finish 700g","5354","","https://www.ifood.com.br/delivery/sao-paulo-sp/carrefour-hiper---giovani-gronchi-vila-andrade/26dc0387-2264-4566-9f53-0d8b3bdbd994?item=55fcd42b-dac1-434f-aaeb-e61ae10bb557","","success",""
"Sustagen Senior Complemento Alimentar 50+ Sem Sabor Lata 370g","9999","","https://www.ifood.com.br/delivery/sao-paulo-sp/drogaria-sao-paulo---clodomiro-amazonas-vila-nova-conceicao/b8a2484a-8e45-4b9f-b32b-a7963d2d6e71?item=476ddbd6-acc6-4289-9059-8e1792acfe35","","success",""
"Preservativo prudence lubrificado leve 8 pague 6","1449","","https://www.ifood.com.br/delivery/fortaleza-ce/farmacias-pague-menos---52-aldeota/8387b06c-6ac0-42b9-860c-8debae36d8fd?item=389224a0-89f5-4711-85a2-f1f67ca5d2d1","","success",""
"Super Desengordurante Power Gel Limão Veja 500g","1899","","https://www.ifood.com.br/delivery/campinas-sp/pao-de-acucar---campinas-souza-souzas/356eaf9b-8433-413a-a546-48d319ea69f8?item=c6c5fb3e-a1ec-4596-b6b3-f0dfc1a818de","","success",""
"Dorflex uno para enxaqueca dipirona monoidratada 1g 10 comprimidos","2033","","https://www.ifood.com.br/delivery/sao-paulo-sp/droga-raia---vila-olimpia---b---403-vl-olimpia/58203d97-5c99-4d2c-b2ff-c2adac85c72a?item=6213cd8a-298d-447f-8c14-643f2e7eeb20","","success",""
"Tira Manchas Em Pó Oxi Action Para Roupas Coloridas Refil Econômico Vanish 400g","2519","","https://www.ifood.com.br/delivery/porto-alegre-rs/carrefour-hiper---porto-alegre-partenon/51b9e02a-74a8-4afc-8450-8094ae3318fa?item=8b3694db-a577-4e98-8807-2bfa8d8415c9","","success",""
"Pedra Perfumada Harpic Flores da Primavera 1un","496","","https://www.ifood.com.br/delivery/brasilia-df/carrefour-hiper---asa-norte-asa-norte/1dcd9511-ab36-416b-b32f-65ca7b793be0?item=3f92e139-e8d4-46d7-a23d-02eae72de45a","","success",""
"Limpador Desengordurante Cozinha Lavanda Veja Sachê 400ml","1308","","https://www.ifood.com.br/delivery/sao-paulo-sp/carrefour-hiper---giovani-gronchi-vila-andrade/26dc0387-2264-4566-9f53-0d8b3bdbd994?item=f2fafaa6-a98c-4ffa-9b92-d9fe32c3b123","","success",""
"Naldecon Multi Blister 4 Comprimidos","1200","","https://www.ifood.com.br/delivery/sao-paulo-sp/droga-raia---vila-olimpia---b---403-vl-olimpia/58203d97-5c99-4d2c-b2ff-c2adac85c72a?item=52fa22f7-f86f-4923-b2f5-122412041580","","success",""
"Preservativo Íntimo Mais Fino - 16 Unidades Olla Sensitive","5199","","https://www.ifood.com.br/delivery/fortaleza-ce/farmacias-pague-menos---52-aldeota/8387b06c-6ac0-42b9-860c-8debae36d8fd?item=36aea06b-1d64-4e40-8cb4-805bd277ef3b","","success",""
"Preservativo Extra Fino Leve 8 Pague 6 - Olla Sensitive","2982","","https://www.ifood.com.br/delivery/sao-paulo-sp/droga-raia---vila-olimpia---b---403-vl-olimpia/58203d97-5c99-4d2c-b2ff-c2adac85c72a?item=64525c81-2cad-47e1-a51c-ec0dd564b2c3","","success",""
"Limpador Multiuso Original Veja Gold 500ml Com 3un","1549","","https://www.ifood.com.br/delivery/brasilia-df/pao-de-acucar---aguas-claras-sul-aguas-claras/5938ca36-c5ee-455b-b0ce-8211f1921be5?item=d6a895a3-0488-486a-930a-b50e0366dfbd","","success",""
"Detergente Para Lava Louças em Pó Finish 1kg","5590","","https://www.ifood.com.br/delivery/sao-jose-dos-campos-sp/pao-de-acucar---colinas-jardim-das-colinas/ade17d26-7f09-4a6f-966b-c6f29df14d9a?item=7a8d9dc0-14d0-4860-84f0-c99d0ad6d677","","success",""
"Folhas Depilatórias Depiroll Corporal Óleo de Argan e Jojoba com 8 Pares","3559","","https://www.ifood.com.br/delivery/sao-paulo-sp/drogaria-sao-paulo---clodomiro-amazonas-vila-nova-conceicao/b8a2484a-8e45-4b9f-b32b-a7963d2d6e71?item=114c55ae-f5a4-4d5a-a892-ca0e592fc596","","success",""
"Preservativo Camisinha Jontex Pele com Pele - 12 Unidades","8299","","https://www.ifood.com.br/delivery/fortaleza-ce/farmacias-pague-menos---52-aldeota/8387b06c-6ac0-42b9-860c-8debae36d8fd?item=c1b49d15-a325-4e16-8402-f79d17770a8c","","success",""
"Fórmula Infantil Para Lactentes 6 A 12 Meses Nan Supreme Pro Lata 800g","12999","","https://www.ifood.com.br/delivery/fortaleza-ce/farmacias-pague-menos---52-aldeota/8387b06c-6ac0-42b9-860c-8debae36d8fd?item=7dc05675-7e7d-40db-a392-c20b84279ddd","","success",""
"Lava Louça em Pó Ypê 450g","2799","","https://www.ifood.com.br/delivery/sao-jose-dos-campos-sp/pao-de-acucar---colinas-jardim-das-colinas/ade17d26-7f09-4a6f-966b-c6f29df14d9a?item=7921b738-4efa-4468-a167-6302af989c01","","success",""
"Tira Manchas Em Pó Crystal White Oxi Action Para Roupas Brancas Refil Econômico Vanish 1kg","4999","","https://www.ifood.com.br/delivery/campinas-sp/pao-de-acucar---campinas-souza-souzas/356eaf9b-8433-413a-a546-48d319ea69f8?item=3863adf2-5991-43d1-83b6-99aa50e13df3","","success",""
"Naldecon Multi 16 Comprimidos Alívio Completo de Gripe E Resfriado","3699","","https://www.ifood.com.br/delivery/fortaleza-ce/farmacias-pague-menos---52-aldeota/8387b06c-6ac0-42b9-860c-8debae36d8fd?item=546f1868-4a80-4b11-ae08-0a434ed3e8ad","","success",""
"Tira Manchas em Pó Vanish Multi Power Oxi Action Refil Econômico Para Roupas Coloridas 1kg","3389","","https://www.ifood.com.br/delivery/brasilia-df/carrefour-hiper---asa-norte-asa-norte/1dcd9511-ab36-416b-b32f-65ca7b793be0?item=9c994826-4932-4fc1-9e89-a2bf61eb467d","","success",""
"Tira Manchas Líquido Crystal White Para Roupas Brancas Refil Econômico Vanish 500ml","1531","","https://www.ifood.com.br/delivery/sao-paulo-sp/carrefour-hiper---pamplona-jardim-paulista/0568e774-7ba8-493c-a842-ac4d72546220?item=08f3c7f5-e103-4d5f-b7ff-930c801141f7","","success",""
"Preservativo Camisinha Jontex Sensitive Leve 8 Pague 7","2338","","https://www.ifood.com.br/delivery/brasilia-df/carrefour-hiper---asa-norte-asa-norte/1dcd9511-ab36-416b-b32f-65ca7b793be0?item=b4bcae77-4cbc-4557-87da-c7bac4a43dc4","","success",""
"Limpador Perfumado Veja Águas do Maranhão 2L","1899","","https://www.ifood.com.br/delivery/sao-jose-dos-campos-sp/pao-de-acucar---colinas-jardim-das-colinas/ade17d26-7f09-4a6f-966b-c6f29df14d9a?item=50a8b3ae-b6e3-4070-b6e1-b3a05b836ede","","success",""
"Suplemento Alimentar Nutren Senior Chocolate 370g","10069","","https://www.ifood.com.br/delivery/sao-paulo-sp/drogaria-sao-paulo---clodomiro-amazonas-vila-nova-conceicao/b8a2484a-8e45-4b9f-b32b-a7963d2d6e71?item=e3ecc3a5-5acd-410c-ad28-5f59e9ab717e","","success",""
"Limpador Perfumado Veja Gotas de Perfume Alecrim 100ml","1165","","https://www.ifood.com.br/delivery/sao-paulo-sp/carrefour-hiper---giovani-gronchi-vila-andrade/26dc0387-2264-4566-9f53-0d8b3bdbd994?item=ae6d6d21-858d-4994-b832-2ef1451ee368","","success",""
"Desinfetante Sanitário em Gel Harpic Marine 750ml","1129","","https://www.ifood.com.br/delivery/sao-paulo-sp/carrefour-hiper---pamplona-jardim-paulista/0568e774-7ba8-493c-a842-ac4d72546220?item=08645e87-a10d-4f34-aad2-7eac793b7ce4","","success",""
"Limpador Mult.Veja L+P- Gold Original 750ml","849","","https://www.ifood.com.br/delivery/sao-jose-dos-campos-sp/pao-de-acucar---colinas-jardim-das-colinas/ade17d26-7f09-4a6f-966b-c6f29df14d9a?item=26f3087c-274b-49fd-b8c9-4d1b2a077232","","success",""
"Complemento alimentar sustagen adultos+ sabor morango lata 400g","8899","","https://www.ifood.com.br/delivery/fortaleza-ce/farmacias-pague-menos---52-aldeota/8387b06c-6ac0-42b9-860c-8debae36d8fd?item=54417609-98d2-4eff-b597-86f56a656b5d","","success",""
"Tira Manchas Em Pó Crystal White Oxi Action Para Roupas Brancas Vanish 240g Refil Econômico","2089","","https://www.ifood.com.br/delivery/brasilia-df/carrefour-hiper---asa-norte-asa-norte/1dcd9511-ab36-416b-b32f-65ca7b793be0?item=036ce159-925b-4ed4-81e5-3f7dfca8b401","","success",""
"Limpador Cozinha Removedor de Gorduras Cif 500ml","1604","","https://www.ifood.com.br/delivery/sao-paulo-sp/carrefour-hiper---giovani-gronchi-vila-andrade/26dc0387-2264-4566-9f53-0d8b3bdbd994?item=9eeec3f6-658b-4380-88cb-fcbcdea27927","","success",""
"Limpador Tradicional Fresh Ajax 500ml","935","","https://www.ifood.com.br/delivery/sao-paulo-sp/carrefour-hiper---giovani-gronchi-vila-andrade/26dc0387-2264-4566-9f53-0d8b3bdbd994?item=8d256ff6-208b-4009-9b71-aeb3a565f6e5","","success",""
"Pedra Sanitária Harpic Aroma Plus Cloro 1un","519","","https://www.ifood.com.br/delivery/porto-alegre-rs/carrefour-hiper---porto-alegre-partenon/51b9e02a-74a8-4afc-8450-8094ae3318fa?item=044d1701-d3cd-40a7-bca3-1771bd788982","","success",""
"Vanish Liquido Gel Mult-Uso Pink Sache 200ml","829","","https://www.ifood.com.br/delivery/brasilia-df/pao-de-acucar---aguas-claras-sul-aguas-claras/5938ca36-c5ee-455b-b0ce-8211f1921be5?item=513edfd8-dfff-4360-8b80-3849b5714d87","","success",""
"Limpador Desengordurante Limão Veja 500ml","1494","","https://www.ifood.com.br/delivery/sao-paulo-sp/carrefour-hiper---giovani-gronchi-vila-andrade/26dc0387-2264-4566-9f53-0d8b3bdbd994?item=9d11abe6-234e-4035-ad0b-b888e2cc5a8e","","success",""
"Limpa Vidros Veja Vidrex Tradicional 500ml Spray","2299","","https://www.ifood.com.br/delivery/campinas-sp/pao-de-acucar---campinas-souza-souzas/356eaf9b-8433-413a-a546-48d319ea69f8?item=ba5d8f16-38ad-4935-8093-8782999ccce0","","success",""
"Limpador Cozinha Cozinha Lavanda Trigger Promo Veja 500ml","2666","","https://www.ifood.com.br/delivery/sao-paulo-sp/carrefour-hiper---pamplona-jardim-paulista/0568e774-7ba8-493c-a842-ac4d72546220?item=a3805a4c-c3c1-4dee-bdc4-59a990e13d3e","","success",""
"Tira Manchas em Barra Vanish Roupas Brancas 75g","666","","https://www.ifood.com.br/delivery/brasilia-df/carrefour-hiper---asa-norte-asa-norte/1dcd9511-ab36-416b-b32f-65ca7b793be0?item=2c918ec8-92d3-4c02-b1e0-542412202141","","success",""
"Limpa Vidros Spray Veja Vidrex Cristal Refil 500ml","1899","","https://www.ifood.com.br/delivery/brasilia-df/pao-de-acucar---aguas-claras-sul-aguas-claras/5938ca36-c5ee-455b-b0ce-8211f1921be5?item=fd7d44cb-e5dd-432d-bf36-c69b3a0a6ca5","","success",""
"Preservatico Prudence Ultra Sensível Leve 8 Pague 6","1411","","https://www.ifood.com.br/delivery/sao-paulo-sp/carrefour-hiper---pamplona-jardim-paulista/0568e774-7ba8-493c-a842-ac4d72546220?item=56df45c5-ffad-45a9-a7bf-cb4ab181d1ae","","success",""
"Pedra Sanitária Harpic Lavanda Super Economia 25g","496","","https://www.ifood.com.br/delivery/brasilia-df/carrefour-hiper---asa-norte-asa-norte/1dcd9511-ab36-416b-b32f-65ca7b793be0?item=698dcb29-f738-4f1b-98ae-c833935ac7a3","","success",""
"Analgésico Tylenol Cartucho 500mg 20 Comprimidos","4067","","https://www.ifood.com.br/delivery/sao-paulo-sp/drogaria-sao-paulo---clodomiro-amazonas-vila-nova-conceicao/b8a2484a-8e45-4b9f-b32b-a7963d2d6e71?item=89c3efb9-bdea-4dc3-9430-c216ef90cd71","","success",""
"Nuromol 200mg + 500mg 4 Comprimidos","629","","https://www.ifood.com.br/delivery/sao-paulo-sp/droga-raia---vila-olimpia---b---403-vl-olimpia/58203d97-5c99-4d2c-b2ff-c2adac85c72a?item=27991424-d829-4213-84f9-4b7e30d3b674","","success",""
"Naldecon Multi Blister 4 Comprimidos","1192","","https://www.ifood.com.br/delivery/sao-paulo-sp/drogaria-sao-paulo---clodomiro-amazonas-vila-nova-conceicao/b8a2484a-8e45-4b9f-b32b-a7963d2d6e71?item=2e2a4e1b-d4d4-4d07-83e2-42fac8fc9588","","success",""
"Tira Limo Veja X14 400ml Refil","1716","","https://www.ifood.com.br/delivery/brasilia-df/carrefour-hiper---asa-norte-asa-norte/1dcd9511-ab36-416b-b32f-65ca7b793be0?item=f4bfb862-93cc-4fd0-ae80-64cf121ef19b","","success",""
"Preservativo Lubrificado Extra Fino 6 Uni - Jontex Sensitive","1849","","https://www.ifood.com.br/delivery/fortaleza-ce/farmacias-pague-menos---52-aldeota/8387b06c-6ac0-42b9-860c-8debae36d8fd?item=459a9d2f-0bfe-4170-963e-ff0b11a90ee8","","success",""
"Preservativo com Efeito Retardante - 6 Unidades Jontex","1849","","https://www.ifood.com.br/delivery/fortaleza-ce/farmacias-pague-menos---52-aldeota/8387b06c-6ac0-42b9-860c-8debae36d8fd?item=5de7fa79-ab56-41c9-b160-3b0e03b86cde","","success",""
"Desengordurante Spray Cozinha Laranja Veja 500ml","3479","","https://www.ifood.com.br/delivery/brasilia-df/carrefour-hiper---asa-norte-asa-norte/1dcd9511-ab36-416b-b32f-65ca7b793be0?item=ca1feafa-71e1-47eb-83f3-1e92ebd50cee","","success",""
"Super Desengordurante Power Gel Limão Veja 500g","1849","","https://www.ifood.com.br/delivery/sao-jose-dos-campos-sp/pao-de-acucar---colinas-jardim-das-colinas/ade17d26-7f09-4a6f-966b-c6f29df14d9a?item=e77dc951-964d-49aa-8f30-a4e9ba3973d0","","success",""
"Tira Limo Veja Banheiro X14 500ml","1849","","https://www.ifood.com.br/delivery/campinas-sp/pao-de-acucar---campinas-souza-souzas/356eaf9b-8433-413a-a546-48d319ea69f8?item=e937c208-23f4-4d15-a466-6abb0b540728","","success",""
"Desinfetante Sanitário Harpic Cloro Ativo 200ml","949","","https://www.ifood.com.br/delivery/brasilia-df/pao-de-acucar---aguas-claras-sul-aguas-claras/5938ca36-c5ee-455b-b0ce-8211f1921be5?item=26a66655-609e-4145-b218-ef6040317030","","success",""
"Limpador Veja Desengordura Rápido Limão 400ml Refil","1423","","https://www.ifood.com.br/delivery/brasilia-df/carrefour-hiper---asa-norte-asa-norte/1dcd9511-ab36-416b-b32f-65ca7b793be0?item=8e5697a7-5cd6-4d16-af94-96e7b6322559","","success",""
"Complemento Alimentar Sustagen Adultos+ Sabor Morango Lata 400g","9989","","https://www.ifood.com.br/delivery/brasilia-df/carrefour-hiper---asa-norte-asa-norte/1dcd9511-ab36-416b-b32f-65ca7b793be0?item=e2517853-0ca5-4b23-bd05-823ae2378a16","","success",""
"Limpador Cremoso Original Cif 250ml","1049","","https://www.ifood.com.br/delivery/brasilia-df/pao-de-acucar---aguas-claras-sul-aguas-claras/5938ca36-c5ee-455b-b0ce-8211f1921be5?item=f4109dfa-fd5c-40b3-bbd2-b941526b396c","","success",""
"Luftal 40mg Reckitt Benckiser Caixa com 20 Comprimidos","5073","","https://www.ifood.com.br/delivery/sao-paulo-sp/drogaria-sao-paulo---clodomiro-amazonas-vila-nova-conceicao/b8a2484a-8e45-4b9f-b32b-a7963d2d6e71?item=0e386a4f-1b27-453d-b441-353a067a3308","","success",""
"Limpador de Banheiro Antibac Lavanda Veja 400ml Refil Econômico","1660","","https://www.ifood.com.br/delivery/sao-paulo-sp/carrefour-hiper---giovani-gronchi-vila-andrade/26dc0387-2264-4566-9f53-0d8b3bdbd994?item=5608bb24-6189-4c8f-96e1-77963ac0e586","","success",""
"Advil 400mg Caixa com 10 Cápsulas","3206","","https://www.ifood.com.br/delivery/sao-paulo-sp/drogaria-sao-paulo---clodomiro-amazonas-vila-nova-conceicao/b8a2484a-8e45-4b9f-b32b-a7963d2d6e71?item=201518bd-9501-46ba-b77a-e617eda5a354","","success",""
"Preservativo jontex sensitive com 3 unidades","1599","","https://www.ifood.com.br/delivery/fortaleza-ce/farmacias-pague-menos---52-aldeota/8387b06c-6ac0-42b9-860c-8debae36d8fd?item=fca33a52-bbc5-46c0-9f9c-dad739725b92","","success",""
"Pastilha Adesiva Harpic 2em1 Cloro Limpa e Perfuma 3un","1457","","https://www.ifood.com.br/delivery/porto-alegre-rs/carrefour-hiper---porto-alegre-partenon/51b9e02a-74a8-4afc-8450-8094ae3318fa?item=a7d80b50-49d6-44a2-8a52-3d87782ba4b5","","success",""
"Limpador Limp.Pesada Veja 20%D X-14 1l","2199","","https://www.ifood.com.br/delivery/brasilia-df/pao-de-acucar---aguas-claras-sul-aguas-claras/5938ca36-c5ee-455b-b0ce-8211f1921be5?item=eed1d6c4-0a36-4498-a8f9-938f71abb380","","success",""
"Tira Manchas Líquido Vanish Roupas Coloridas 500ml","2259","","https://www.ifood.com.br/delivery/sao-paulo-sp/carrefour-hiper---pamplona-jardim-paulista/0568e774-7ba8-493c-a842-ac4d72546220?item=bb90c0af-71f3-4c16-84c4-9ff5fd61d001","","success",""
"Pedra Perfumada Marine Harpic","459","","https://www.ifood.com.br/delivery/porto-alegre-rs/carrefour-hiper---porto-alegre-partenon/51b9e02a-74a8-4afc-8450-8094ae3318fa?item=8bb3b682-10f4-4dd5-b079-9307a842431f","","success",""
"Limpador Veja Desengordura Rápido Limão 500ml Spray Oferta","2399","","https://www.ifood.com.br/delivery/brasilia-df/pao-de-acucar---aguas-claras-sul-aguas-claras/5938ca36-c5ee-455b-b0ce-8211f1921be5?item=b48ee3f7-6cc1-45a3-a65b-f1d2873be55c","","success",""
"Desengordurante Spray Veja Cozinha Limão Oferta 500ml","3479","","https://www.ifood.com.br/delivery/brasilia-df/carrefour-hiper---asa-norte-asa-norte/1dcd9511-ab36-416b-b32f-65ca7b793be0?item=a04057f6-aeef-4ad2-a0ef-d6494d2b5459","","success",""
"Detergente Para Lava Louças em Tabletes Finish Com 30un","6590","","https://www.ifood.com.br/delivery/campinas-sp/pao-de-acucar---campinas-souza-souzas/356eaf9b-8433-413a-a546-48d319ea69f8?item=f9656136-140f-464a-9ba0-a926751d327f","","success",""
"Preservativo com Lubrificante 2 Preservativos - Jontex","1549","","https://www.ifood.com.br/delivery/fortaleza-ce/farmacias-pague-menos---52-aldeota/8387b06c-6ac0-42b9-860c-8debae36d8fd?item=e5e653e8-db8d-4365-ad13-214d275f19bf","","success",""
"Limpador de Banheiro Antibac Lavanda Veja 500ml","1897","","https://www.ifood.com.br/delivery/sao-paulo-sp/carrefour-hiper---pamplona-jardim-paulista/0568e774-7ba8-493c-a842-ac4d72546220?item=910f5a38-215c-4a40-b573-4b9f1788f279","","success",""
"Bloco Sanitário Fresh Power 6 Lavanda Harpic com 2un","4663","","https://www.ifood.com.br/delivery/sao-paulo-sp/carrefour-hiper---giovani-gronchi-vila-andrade/26dc0387-2264-4566-9f53-0d8b3bdbd994?item=32acae02-8f3a-4612-9077-430af620af53","","success",""
"Preservativo Ultra Fino Para uma Sensibilidade Maior Jontex","2299","","https://www.ifood.com.br/delivery/fortaleza-ce/farmacias-pague-menos---52-aldeota/8387b06c-6ac0-42b9-860c-8debae36d8fd?item=3ce8fb22-b1e2-4809-99dc-96371d4efff0","","success",""
"Dorflex Analgésico e Relaxante Muscular 10 Comprimidos","842","","https://www.ifood.com.br/delivery/sao-paulo-sp/droga-raia---vila-olimpia---b---403-vl-olimpia/58203d97-5c99-4d2c-b2ff-c2adac85c72a?item=9c6eaed3-dc62-47b6-b84b-fdb42bbb7925","","success",""
"Limpador Perfumado Veja Gotas de Perfume Cereja 100ml","1285","","https://www.ifood.com.br/delivery/sao-paulo-sp/carrefour-hiper---giovani-gronchi-vila-andrade/26dc0387-2264-4566-9f53-0d8b3bdbd994?item=80852251-6ff7-419f-8ec3-d2b83088a8eb","","success",""
"Limpa Vidros Veja Vidrex Tradicional 500ml Spray","2639","","https://www.ifood.com.br/delivery/sao-paulo-sp/carrefour-hiper---giovani-gronchi-vila-andrade/26dc0387-2264-4566-9f53-0d8b3bdbd994?item=ce6cac02-f6ca-459a-8dc1-378bd3ae5a9f","","success",""
"Tira Manchas em Pó Multi Power Oxi Action Para Roupas Coloridas Vanish 450g","3599","","https://www.ifood.com.br/delivery/sao-jose-dos-campos-sp/pao-de-acucar---colinas-jardim-das-colinas/ade17d26-7f09-4a6f-966b-c6f29df14d9a?item=133fd71e-31b3-466c-9db2-0fec9f9cfa44","","success",""
"Limpador Veja Limpeza Pesada Original 2l","6835","","https://www.ifood.com.br/delivery/sao-paulo-sp/carrefour-hiper---pamplona-jardim-paulista/0568e774-7ba8-493c-a842-ac4d72546220?item=d1659a42-a4b9-46a1-8b41-ff8f6ac5ef32","","success",""
"Limpador Multiuso Power Fusion Limão Veja 500 Ml","731","","https://www.ifood.com.br/delivery/porto-alegre-rs/carrefour-hiper---porto-alegre-partenon/51b9e02a-74a8-4afc-8450-8094ae3318fa?item=8d63bc6c-0e41-487c-8bd0-4c8bd9829231","","success",""
"Tira Limo Veja X14 500ml Oferta","1499","","https://www.ifood.com.br/delivery/brasilia-df/pao-de-acucar---aguas-claras-sul-aguas-claras/5938ca36-c5ee-455b-b0ce-8211f1921be5?item=131c36b0-d14f-4502-b39d-0e4c9c83b9f4","","success",""
"Tira Manchas Líquido Vanish Roupas Coloridas 500ml Refil","1499","","https://www.ifood.com.br/delivery/campinas-sp/pao-de-acucar---campinas-souza-souzas/356eaf9b-8433-413a-a546-48d319ea69f8?item=dedf7a5f-6b1d-4e16-8e75-00b7c45ac9e5","","success",""
"Pedra Perfumada Frutal Harpic 20g","459","","https://www.ifood.com.br/delivery/porto-alegre-rs/carrefour-hiper---porto-alegre-partenon/51b9e02a-74a8-4afc-8450-8094ae3318fa?item=3e6c3b2b-4b49-4e35-8081-ca57c9ad81ed","","success",""
"Limpa Vidros Spray Veja Vidrex Cristal Refil 500ml","2099","","https://www.ifood.com.br/delivery/campinas-sp/pao-de-acucar---campinas-souza-souzas/356eaf9b-8433-413a-a546-48d319ea69f8?item=6d2dd756-d530-4c38-bc50-ffcd4f02cbc1","","success",""
"Limpador Veja com Álcool Limpeza Pesada Original 500ml","1739","","https://www.ifood.com.br/delivery/brasilia-df/carrefour-hiper---asa-norte-asa-norte/1dcd9511-ab36-416b-b32f-65ca7b793be0?item=4e1751c6-9dcc-49d6-ab11-5814f306a43e","","success",""
"Composto Lácteo Neslac Comfor 800g","6939","","https://www.ifood.com.br/delivery/sao-paulo-sp/drogaria-sao-paulo---clodomiro-amazonas-vila-nova-conceicao/b8a2484a-8e45-4b9f-b32b-a7963d2d6e71?item=845e5a9e-11de-47f8-a6ec-f7c8b0072fa8","","success",""
"Limpador de Banheiro Spray Antibac Lavanda Veja 500ml","2688","","https://www.ifood.com.br/delivery/porto-alegre-rs/carrefour-hiper---porto-alegre-partenon/51b9e02a-74a8-4afc-8450-8094ae3318fa?item=ffdc1cc1-bac9-4120-85f0-e6b004e8c511","","success",""
"Limpador Veja Limpeza Pesada Cloro Ativo 500ml Oferta","1399","","https://www.ifood.com.br/delivery/brasilia-df/pao-de-acucar---aguas-claras-sul-aguas-claras/5938ca36-c5ee-455b-b0ce-8211f1921be5?item=c4ba14d8-e980-4e9d-8a5b-cd14f82d87b4","","success",""
"Jontex Naturals Lubrificante Íntimo C/ Ácido Hialurônico Extra Hidratação100% Natural - 100g","6099","","https://www.ifood.com.br/delivery/fortaleza-ce/farmacias-pague-menos---52-aldeota/8387b06c-6ac0-42b9-860c-8debae36d8fd?item=2258af4b-0f4f-4579-b5e1-5bee9890a955","","success",""
"Preservativo Ereção Prolongada 6 Unidades - Jontex Marathon","1849","","https://www.ifood.com.br/delivery/fortaleza-ce/farmacias-pague-menos---52-aldeota/8387b06c-6ac0-42b9-860c-8debae36d8fd?item=f9520f9b-4d56-456b-b889-978c2a6261b3","","success",""
"Bloco Sanitário Fresh Power 6 Frescor Do Caribe Harpic 39g","2618","","https://www.ifood.com.br/delivery/sao-paulo-sp/carrefour-hiper---pamplona-jardim-paulista/0568e774-7ba8-493c-a842-ac4d72546220?item=ab49ce85-4c2e-437d-93d7-9eea462372f3","","success",""
"Complemento Alimentar Sabor Chocolate Sustagen Kids 190g","1468","","https://www.ifood.com.br/delivery/brasilia-df/carrefour-hiper---asa-norte-asa-norte/1dcd9511-ab36-416b-b32f-65ca7b793be0?item=7f291eb1-eb07-4630-a7a3-45483155e8e4","","success",""
"Tira Manchas Líquido Vanish Roupas Brancas 500ml","1739","","https://www.ifood.com.br/delivery/porto-alegre-rs/carrefour-hiper---porto-alegre-partenon/51b9e02a-74a8-4afc-8450-8094ae3318fa?item=03a96b93-8a3c-47c6-8fe2-f49f7b0ab6fe","","success",""
"Pedra Perfumada Marine Harpic","532","","https://www.ifood.com.br/delivery/sao-paulo-sp/carrefour-hiper---pamplona-jardim-paulista/0568e774-7ba8-493c-a842-ac4d72546220?item=13ec7eb4-acf6-492f-b68f-bcba54715e75","","success",""
